business_name,address,phone,website,area,city,reviews_count,rating,url
"South Congress Hotel","Address: 1603 S Congress Ave, Austin, TX 78704, United States ","+15129206405","http://southcongresshotel.com/?utm_source=google-gbp&utm_medium=organic&utm_campaign=gbp","78701, Austin, TX","Austin, TX","","4.4","https://www.google.com/maps/place/South+Congress+Hotel/data=!4m7!3m6!1s0x8644b4fc866add87:0xc78ecc2590f59eb4!8m2!3d30.247296!4d-97.750338!16s%2Fg%2F11b7w5g66j!19sChIJh91qhvy0RIYRtJ71kCXMjsc?authuser=0&hl=en&rclk=1"
"Corner Restaurant","Address: 110 E 2nd St, Austin, TX 78701, United States ","+15126084488","https://www.cornerrestaurantaustin.com/?utm_source=google&utm_medium=organic&utm_campaign=business_listing","78701, Austin, TX","Austin, TX","","4.8","https://www.google.com/maps/place/Corner+Restaurant/data=!4m7!3m6!1s0x8644b508789cc0c5:0x270f96c74f970af4!8m2!3d30.2645703!4d-97.7438317!16s%2Fg%2F11b76mjh5x!19sChIJxcCceAi1RIYR9AqXT8eWDyc?authuser=0&hl=en&rclk=1"
"Corinne Austin","Address: 304 E Cesar Chavez St, Austin, TX 78701, United States ","+17377877018","https://www.corinneatx.com/?utm_source=google&utm_medium=organic&utm_campaign=business_listing","78701, Austin, TX","Austin, TX","","4.8","https://www.google.com/maps/place/Corinne+Austin/data=!4m7!3m6!1s0x8644b5a2efae9207:0x29c9c30dffef66c0!8m2!3d30.2627011!4d-97.7415763!16s%2Fg%2F11n5pb_qpg!19sChIJB5Ku76K1RIYRwGbv_w3DySk?authuser=0&hl=en&rclk=1"
"Caroline","Address: 621 Congress Ave. Suite 101, Austin, TX 78701, United States ","+15129826766","http://www.carolinerestaurant.com/?utm_source=google&utm_medium=organic&utm_campaign=business_listing","78701, Austin, TX","Austin, TX","","4.8","https://www.google.com/maps/place/Caroline/data=!4m7!3m6!1s0x8644b509e7e92743:0x38cd855b7c17b277!8m2!3d30.2688157!4d-97.7422982!16s%2Fg%2F11d_9jgz28!19sChIJQyfp5wm1RIYRd7IXfFuFzTg?authuser=0&hl=en&rclk=1"
"Upstairs at Caroline","Address: 109 E 7th St, Austin, TX 78701, United States ","+15129826766","https://www.carolinerestaurant.com/upstairs-at-caroline?utm_source=google&utm_medium=organic&utm_campaign=business_listing","78701, Austin, TX","Austin, TX","","4.9","https://www.google.com/maps/place/Upstairs+at+Caroline/data=!4m7!3m6!1s0x8644b509e7e92743:0xb09cf7e6ae581b9!8m2!3d30.2686635!4d-97.7420691!16s%2Fg%2F11fxb7wz06!19sChIJQyfp5wm1RIYRuYHlan7PCQs?authuser=0&hl=en&rclk=1"
"Ember Kitchen","Address: 800 W Cesar Chavez St Ste PP110, Austin, TX 78701, United States ","+15122916846","https://www.emberatx.com/","78701, Austin, TX","Austin, TX","","4.8","https://www.google.com/maps/place/Ember+Kitchen/data=!4m7!3m6!1s0x8644b5723cde91d1:0x14bf1e14920af2da!8m2!3d30.266876!4d-97.7528456!16s%2Fg%2F11jt5g77r4!19sChIJ0ZHePHK1RIYR2vIKkhQevxQ?authuser=0&hl=en&rclk=1"
"Dean's Italian Steakhouse","Address: 110 E 2nd St, Austin, TX 78701, United States ","+15126084490","https://www.deanssteakhouseaustin.com/?utm_source=google&utm_medium=organic&utm_campaign=business_listing","78701, Austin, TX","Austin, TX","","4.9","https://www.google.com/maps/place/Dean%27s+Italian+Steakhouse/data=!4m7!3m6!1s0x8644b5f9290d2757:0xd73edf1c24d12e4f!8m2!3d30.2641454!4d-97.7430761!16s%2Fg%2F11pyc12_7j!19sChIJVycNKfm1RIYRTy7RJBzfPtc?authuser=0&hl=en&rclk=1"
"Roaring Fork","Address: 701 Congress Ave., Austin, TX 78701, United States ","+15125830000","http://www.roaringfork.com/","78701, Austin, TX","Austin, TX","","4.5","https://www.google.com/maps/place/Roaring+Fork/data=!4m7!3m6!1s0x8644b509e15979d5:0xce6e982ebf5ebae2!8m2!3d30.2691083!4d-97.7421111!16s%2Fg%2F1td5m2fy!19sChIJ1XlZ4Qm1RIYR4rpevy6Ybs4?authuser=0&hl=en&rclk=1"
"Verbena Food & Drink","Address: 612 W 6th St, Austin, TX 78701, United States ","+15129913019","http://verbenaatx.com/","78701, Austin, TX","Austin, TX","","4.7","https://www.google.com/maps/place/Verbena+Food+%26+Drink/data=!4m7!3m6!1s0x8644b5671c80691b:0x38d7e3bd3637504b!8m2!3d30.2699121!4d-97.7489064!16s%2Fg%2F11jd_wq5w9!19sChIJG2mAHGe1RIYRS1A3Nr3j1zg?authuser=0&hl=en&rclk=1"
"Moonshine Grill","Address: 303 Red River St, Austin, TX 78701, United States ","+15122369599","http://www.moonshinegrill.com/","78701, Austin, TX","Austin, TX","","4.6","https://www.google.com/maps/place/Moonshine+Grill/data=!4m7!3m6!1s0x8644b5a8910339cd:0x3d1cb3bee44dfaf4!8m2!3d30.2637562!4d-97.7380259!16s%2Fg%2F1tfxh22p!19sChIJzTkDkai1RIYR9PpN5L6zHD0?authuser=0&hl=en&rclk=1"
"North Italia","Address: 500 W 2nd St #120, Austin, TX 78701, United States ","+15127775062","https://www.northitalia.com/locations/austin-tx-2nd-street/","78701, Austin, TX","Austin, TX","","4.4","https://www.google.com/maps/place/North+Italia/data=!4m7!3m6!1s0x8644b50f13d654f7:0x298b7455bac125f9!8m2!3d30.2657893!4d-97.7489158!16s%2Fg%2F11hbq8vc5c!19sChIJ91TWEw-1RIYR-SXBulV0iyk?authuser=0&hl=en&rclk=1"
"True Food Kitchen","Address: 222 West Ave Ste HR100, Austin, TX 78701, United States ","+15127772430","https://www.truefoodkitchen.com/locations/austin/","78701, Austin, TX","Austin, TX","","4.5","https://www.google.com/maps/place/True+Food+Kitchen/data=!4m7!3m6!1s0x8644b50e2ee3f607:0xddc3ee2020881bac!8m2!3d30.2670001!4d-97.7522838!16s%2Fg%2F11clfd3vs8!19sChIJB_bjLg61RIYRrBuIICDuw90?authuser=0&hl=en&rclk=1"
"Emmer & Rye","Address: SkyHouse, 51 Rainey St UNIT 110, Austin, TX 78701, United States ","+15123665530","http://www.emmerandrye.com/","78701, Austin, TX","Austin, TX","","4.4","https://www.google.com/maps/place/Emmer+%26+Rye/data=!4m7!3m6!1s0x8644b5aa4ba7633d:0xfb14f97a7bd4e90c!8m2!3d30.2574194!4d-97.7390667!16s%2Fg%2F11bw61kjkh!19sChIJPWOnS6q1RIYRDOnUe3r5FPs?authuser=0&hl=en&rclk=1"
"Perry's Steakhouse & Grille - Downtown Austin","Address: 114 W 7th St, Austin, TX 78701, United States ","+15124746300","http://www.perryssteakhouse.com/menu-locations/austin/downtown/","78701, Austin, TX","Austin, TX","","4.6","https://www.google.com/maps/place/Perry%27s+Steakhouse+%26+Grille+-+Downtown+Austin/data=!4m7!3m6!1s0x8644b5098e36bacf:0x401fe397ec58fe8b!8m2!3d30.2694225!4d-97.7435269!16s%2Fg%2F1xb2dzc2!19sChIJz7o2jgm1RIYRi_5Y7JfjH0A?authuser=0&hl=en&rclk=1"
"The Well","Address: 440 W 2nd St, Austin, TX 78701, United States ","+17377421129","https://www.eatwellatx.com/","78701, Austin, TX","Austin, TX","","4.5","https://www.google.com/maps/place/The+Well/data=!4m7!3m6!1s0x8644b5c3d19d8bd7:0xe6f8c20f2101cf63!8m2!3d30.2656068!4d-97.7483158!16s%2Fg%2F11m84zj_hv!19sChIJ14ud0cO1RIYRY88BIQ_C-OY?authuser=0&hl=en&rclk=1"
"Aba Austin","Address: 1011 S Congress Ave Bldg 2 Suite 180, Austin, TX 78704, United States ","+17372730199","https://www.abarestaurants.com/austin/","78701, Austin, TX","Austin, TX","","4.7","https://www.google.com/maps/place/Aba+Austin/data=!4m7!3m6!1s0x8644b536d664f80d:0xc9f3e7f84a08d2dc!8m2!3d30.2533154!4d-97.7480244!16s%2Fg%2F11kxs1p26y!19sChIJDfhk1ja1RIYR3NIISvjn88k?authuser=0&hl=en&rclk=1"
"Péché","Address: 208 W 4th St, Austin, TX 78701, United States ","+15123798249","http://www.pecheaustin.com/","78701, Austin, TX","Austin, TX","","4.5","https://www.google.com/maps/place/P%C3%A9ch%C3%A9/data=!4m7!3m6!1s0x8644b508e3e50b81:0xdc31ceba925a687!8m2!3d30.2668708!4d-97.7452131!16s%2Fg%2F1vnnjswc!19sChIJgQvl4wi1RIYRh6Ylqescww0?authuser=0&hl=en&rclk=1"
"Fixe Southern House","Address: 500 W 5th St, Austin, TX 78701, United States ","+15128889133","http://fixesouthernhouse.com/","78701, Austin, TX","Austin, TX","","4.6","https://www.google.com/maps/place/Fixe+Southern+House/data=!4m7!3m6!1s0x8644b50eb631c4cd:0xdd01a7ff9e5f3595!8m2!3d30.2688775!4d-97.7485651!16s%2Fg%2F11b6v0l_h8!19sChIJzcQxtg61RIYRlTVfnv-nAd0?authuser=0&hl=en&rclk=1"
"Eureka!","Address: 200 E 6th St, Austin, TX 78701, United States ","+15127351144","http://eurekarestaurantgroup.com/blog/locations/austin/","78701, Austin, TX","Austin, TX","","4.4","https://www.google.com/maps/place/Eureka!/data=!4m7!3m6!1s0x8644b5a77a69d217:0x5767e994aa3248a8!8m2!3d30.2678427!4d-97.7412401!16s%2Fg%2F11btww44m0!19sChIJF9Jpeqe1RIYRqEgyqpTpZ1c?authuser=0&hl=en&rclk=1"
"Swift's Attic","Address: 315 Congress Ave., Austin, TX 78701, United States ","+15124828842","http://www.swiftsattic.com/","78701, Austin, TX","Austin, TX","","4.5","https://www.google.com/maps/place/Swift%27s+Attic/data=!4m7!3m6!1s0x8644b50868719c39:0x6aad29922afb787b!8m2!3d30.2656345!4d-97.7433776!16s%2Fg%2F1hc290jny!19sChIJOZxxaAi1RIYRe3j7KpIprWo?authuser=0&hl=en&rclk=1"
"Phoebe's Downtown","Address: 408 W 11th St, Austin, TX 78701, United States ","+15123598338","https://www.phoebesdiner.com/","78701, Austin, TX","Austin, TX","","4.7","https://www.google.com/maps/place/Phoebe%27s+Downtown/data=!4m7!3m6!1s0x8644b509f2e104af:0xd75b5b57ab771900!8m2!3d30.2740975!4d-97.7449381!16s%2Fg%2F11np3q1qct!19sChIJrwTh8gm1RIYRABl3q1dbW9c?authuser=0&hl=en&rclk=1"
"Red Ash","Address: Colorado Tower, 303 Colorado St #200, Austin, TX 78701, United States ","+15123792906","http://redashgrill.com/","78701, Austin, TX","Austin, TX","","4.7","https://www.google.com/maps/place/Red+Ash/data=!4m7!3m6!1s0x8644b5088b41fa59:0xada04b221220ebe!8m2!3d30.2657022!4d-97.7449409!16s%2Fg%2F11cs5wlpxh!19sChIJWfpBiwi1RIYRvg4iIbIE2go?authuser=0&hl=en&rclk=1"
"Sapori Italian Roots","Address: 800 Brazos St ste 215, Austin, TX 78701, United States ","+17373519271","https://saporiatx.com/","78701, Austin, TX","Austin, TX","","4.8","https://www.google.com/maps/place/Sapori+Italian+Roots/data=!4m7!3m6!1s0x8644b5dcfd4ebba7:0x1b7abfe12cf1df5b!8m2!3d30.2698335!4d-97.7412877!16s%2Fg%2F11kqwj7k6t!19sChIJp7tO_dy1RIYRW9_xLOG_ehs?authuser=0&hl=en&rclk=1"
"Champions Austin Restaurant & Bar","Address: 300 E 4th St, Austin, TX 78701, United States ","+15126919988","https://www.championsrestaurantatx.com/?utm_source=google&utm_medium=organic&utm_campaign=business_listing","78701, Austin, TX","Austin, TX","","4.7","https://www.google.com/maps/place/Champions+Austin+Restaurant+%26+Bar/data=!4m7!3m6!1s0x8644b5a7ec4f45cf:0x94df01b7c0d62430!8m2!3d30.2655444!4d-97.7401793!16s%2Fg%2F1thqh48z!19sChIJz0VP7Ke1RIYRMCTWwLcB35Q?authuser=0&hl=en&rclk=1"
"Odd Duck","Address: 1201 S Lamar Blvd, Austin, TX 78704, United States ","+15124336521","http://oddduckaustin.com/","78701, Austin, TX","Austin, TX","","4.7","https://www.google.com/maps/place/Odd+Duck/data=!4m7!3m6!1s0x8644b51f9fffcf8b:0xb12c453f1063a7e7!8m2!3d30.254672!4d-97.762051!16s%2Fg%2F1ptxn2gnl!19sChIJi8__nx-1RIYR56djED9FLLE?authuser=0&hl=en&rclk=1"
"Zanzibar","Address: 304 E Cesar Chavez St, Austin, TX 78701, United States ","+17377876969","https://www.zanzibaratx.com/?utm_source=google&utm_medium=organic&utm_campaign=business_listing","78701, Austin, TX","Austin, TX","","4.9","https://www.google.com/maps/place/Zanzibar/data=!4m7!3m6!1s0x8644b5b4b055a215:0x9f404779d2544671!8m2!3d30.2628309!4d-97.7415705!16s%2Fg%2F11kgs3c60q!19sChIJFaJVsLS1RIYRcUZU0nlHQJ8?authuser=0&hl=en&rclk=1"
"Ranch 616","Address: 616 Nueces St, Austin, TX 78701, United States ","+15124797616","http://ranch616.com/","78701, Austin, TX","Austin, TX","","4.4","https://www.google.com/maps/place/Ranch+616/data=!4m7!3m6!1s0x8644b50c190b7bcb:0x605135c7432762ff!8m2!3d30.270465!4d-97.7483962!16s%2Fm%2F020z75k!19sChIJy3sLGQy1RIYR_2InQ8c1UWA?authuser=0&hl=en&rclk=1"
"Taverna Austin (Downtown) | The Baci Room","Address: 258 W 2nd St, Austin, TX 78701, United States ","+15124771001","https://www.tavernabylombardi.com/","78701, Austin, TX","Austin, TX","","4.2","https://www.google.com/maps/place/Taverna+Austin+%28Downtown%29+%7C+The+Baci+Room/data=!4m7!3m6!1s0x8644b508a4d5ac31:0x8f86af342e9c198e!8m2!3d30.2651679!4d-97.7463598!16s%2Fg%2F1td_c1t5!19sChIJMazVpAi1RIYRjhmcLjSvho8?authuser=0&hl=en&rclk=1"
"La Condesa","Address: 400A W 2nd St, Austin, TX 78701, United States ","+15123776305","https://lacondesa.com/","78701, Austin, TX","Austin, TX","","4.3","https://www.google.com/maps/place/La+Condesa/data=!4m7!3m6!1s0x8644b50f48ebd98f:0x4a4171432bb6b3c9!8m2!3d30.2656391!4d-97.7477811!16s%2Fg%2F1yl482fsk!19sChIJj9nrSA-1RIYRybO2K0NxQUo?authuser=0&hl=en&rclk=1"
"Industry","Address: 1211 E 5th St. Ste 150, Austin, TX 78702, United States ","+15125648686","http://eastside.industrytx.com/","78701, Austin, TX","Austin, TX","","4.5","https://www.google.com/maps/place/Industry/data=!4m7!3m6!1s0x8644b505051e539b:0x3cbf9685f92c1fff!8m2!3d30.2629956!4d-97.7301213!16s%2Fg%2F11td8y8jrl!19sChIJm1MeBQW1RIYR_x8s-YWWvzw?authuser=0&hl=en&rclk=1"
"Fareground Austin","Address: 111 Congress Ave., Austin, TX 78701, United States ","+15124652107","https://www.faregroundaustin.com/","78701, Austin, TX","Austin, TX","","4.4","https://www.google.com/maps/place/Fareground+Austin/data=!4m7!3m6!1s0x8644b507c51a5043:0x9767a84e660928a0!8m2!3d30.2635186!4d-97.74358!16s%2Fg%2F11c5442_np!19sChIJQ1AaxQe1RIYRoCgJZk6oZ5c?authuser=0&hl=en&rclk=1"
"Hestia","Address: 607 W 3rd St #105, Austin, TX 78701, United States ","+15123330737","http://hestiaaustin.com/","78701, Austin, TX","Austin, TX","","4.5","https://www.google.com/maps/place/Hestia/data=!4m7!3m6!1s0x8644b5bfb3636095:0x9fe7448d0b749bb0!8m2!3d30.2667619!4d-97.7500735!16s%2Fg%2F11h2cl_ywh!19sChIJlWBjs7-1RIYRsJt0C41E558?authuser=0&hl=en&rclk=1"
"Garrison","Address: 101 Red River St, Austin, TX 78701, United States ","+15126002000","https://www.garrisongrill.com/?utm_source=google+Maps&utm_medium=seo+maps&utm_campaign=seo+maps","78701, Austin, TX","Austin, TX","","4.7","https://www.google.com/maps/place/Garrison/data=!4m7!3m6!1s0x8644b5a8e3404775:0x1c1feacbb73b7726!8m2!3d30.2619965!4d-97.7380364!16s%2Fg%2F11hbt1dsvs!19sChIJdUdA46i1RIYRJnc7t8vqHxw?authuser=0&hl=en&rclk=1"
"Eddie V's Prime Seafood","Address: 301 E 5th St., Austin, TX 78701, United States ","+15124721860","https://www.eddiev.com/locations/tx/austin/austin-5th-street/8501?cmpid=br:ev_ag:ie_ch:loc_ca:EVGMB_sn:gmb_gt:austin-tx-8501_pl:locurl_rd:1001","78701, Austin, TX","Austin, TX","","4.7","https://www.google.com/maps/place/Eddie+V%27s+Prime+Seafood/data=!4m7!3m6!1s0x8644b5a791549495:0x23753468171a9a9b!8m2!3d30.2662488!4d-97.7406292!16s%2Fg%2F1vv2smmx!19sChIJlZRUkae1RIYRm5oaF2g0dSM?authuser=0&hl=en&rclk=1"
"Lonesome Dove Austin","Address: 123 W 6th St, Austin, TX 78701, United States ","+15123682821","http://www.lonesomedoveaustin.com/","78701, Austin, TX","Austin, TX","","4.5","https://www.google.com/maps/place/Lonesome+Dove+Austin/data=!4m7!3m6!1s0x8644b509aa9776f3:0xc98eeb65a71639a7!8m2!3d30.268263!4d-97.7440193!16s%2Fg%2F11b7hynp8y!19sChIJ83aXqgm1RIYRpzkWp2Xrjsk?authuser=0&hl=en&rclk=1"
"Truluck's Ocean's Finest Seafood and Crab","Address: 300 Colorado St, Austin, TX 78701, United States ","+15124829000","https://trulucks.com/locations/downtown-austin-texas","78701, Austin, TX","Austin, TX","","4.7","https://www.google.com/maps/place/Truluck%27s+Ocean%27s+Finest+Seafood+and+Crab/data=!4m7!3m6!1s0x8644b508fb09eee5:0xbb8dfc8a288d5bd1!8m2!3d30.2659685!4d-97.74532!16s%2Fm%2F020zgpx!19sChIJ5e4J-wi1RIYR0VuNKIr8jbs?authuser=0&hl=en&rclk=1"
"J Carver’s Oyster Bar & Chophouse","Address: 509 Rio Grande St, Austin, TX 78701, United States ","+15127820650","http://www.jcarveratx.com/","78701, Austin, TX","Austin, TX","","4.7","https://www.google.com/maps/place/J+Carver%E2%80%99s+Oyster+Bar+%26+Chophouse/data=!4m7!3m6!1s0x8644b50e83d6aaab:0xfd9e44a0c2ac1fbc!8m2!3d30.2695527!4d-97.7494581!16s%2Fg%2F11rrq5yp8q!19sChIJq6rWgw61RIYRvB-swqBEnv0?authuser=0&hl=en&rclk=1"
"Industry","Address: 1211 E 5th St. Ste 150, Austin, TX 78702, United States ","+15125648686","http://eastside.industrytx.com/","78702, Austin, TX","Austin, TX","","4.5","https://www.google.com/maps/place/Industry/data=!4m7!3m6!1s0x8644b505051e539b:0x3cbf9685f92c1fff!8m2!3d30.2629956!4d-97.7301213!16s%2Fg%2F11td8y8jrl!19sChIJm1MeBQW1RIYR_x8s-YWWvzw?authuser=0&hl=en&rclk=1"
"Suerte","Address: 1800 E 6th St, Austin, TX 78702, United States ","+15125223031","https://www.suerteatx.com/","78702, Austin, TX","Austin, TX","","4.6","https://www.google.com/maps/place/Suerte/data=!4m7!3m6!1s0x8644b5b6fb440001:0x48219815b3589371!8m2!3d30.2622778!4d-97.7232758!16s%2Fg%2F11hcy_q_wp!19sChIJAQBE-7a1RIYRcZNYsxWYIUg?authuser=0&hl=en&rclk=1"
"Caroline","Address: 621 Congress Ave. Suite 101, Austin, TX 78701, United States ","+15129826766","http://www.carolinerestaurant.com/?utm_source=google&utm_medium=organic&utm_campaign=business_listing","78702, Austin, TX","Austin, TX","","4.8","https://www.google.com/maps/place/Caroline/data=!4m7!3m6!1s0x8644b509e7e92743:0x38cd855b7c17b277!8m2!3d30.2688157!4d-97.7422982!16s%2Fg%2F11d_9jgz28!19sChIJQyfp5wm1RIYRd7IXfFuFzTg?authuser=0&hl=en&rclk=1"
"De Nada Cantina","Address: 4715 E Cesar Chavez St, Austin, TX 78702, United States ","+15126153555","https://denadacantina.com/","78702, Austin, TX","Austin, TX","","4.6","https://www.google.com/maps/place/De+Nada+Cantina/data=!4m7!3m6!1s0x8644b582edd63463:0x4e8ac48f1b106d09!8m2!3d30.2514145!4d-97.7022034!16s%2Fg%2F11mw7352l3!19sChIJYzTW7YK1RIYRCW0QG4_Eik4?authuser=0&hl=en&rclk=1"
"la Barbecue","Address: 2401 E Cesar Chavez St, Austin, TX 78702, United States ","","http://www.labarbecue.com/","78702, Austin, TX","Austin, TX","","4.4","https://www.google.com/maps/place/la+Barbecue/data=!4m7!3m6!1s0x8644b5aec36d1d21:0xfd5679cbbac70752!8m2!3d30.2544822!4d-97.717612!16s%2Fg%2F11fy94z899!19sChIJIR1tw661RIYRUgfHust5Vv0?authuser=0&hl=en&rclk=1"
"Justine's","Address: 4710 E 5th St., Austin, TX 78702, United States ","+15123852900","https://www.justines1937.com/","78702, Austin, TX","Austin, TX","","4.4","https://www.google.com/maps/place/Justine%27s/data=!4m7!3m6!1s0x8644b42afcfc14ad:0xa6d1574a5a6592c3!8m2!3d30.2532004!4d-97.7006129!16s%2Fg%2F1tj52z_n!19sChIJrRT8_Cq0RIYRw5JlWkpX0aY?authuser=0&hl=en&rclk=1"
"Buenos Aires Café","Address: 1201 E 6th St, Austin, TX 78702, United States ","+15123821189","http://www.buenosairescafe.com/","78702, Austin, TX","Austin, TX","","4.2","https://www.google.com/maps/place/Buenos+Aires+Caf%C3%A9/data=!4m7!3m6!1s0x8644b5b01b006ebd:0x9edf14867d4317be!8m2!3d30.264232!4d-97.730405!16s%2Fg%2F1v26mhdf!19sChIJvW4AG7C1RIYRvhdDfYYU354?authuser=0&hl=en&rclk=1"
"Kemuri Tatsu-Ya","Address: 2713 E 2nd St, Austin, TX 78702, United States ","+15128032224","http://kemuri-tatsuya.com/","78702, Austin, TX","Austin, TX","","4.4","https://www.google.com/maps/place/Kemuri+Tatsu-Ya/data=!4m7!3m6!1s0x8644b43339a8b397:0x314f4d977c6845b2!8m2!3d30.253838!4d-97.712949!16s%2Fg%2F11c5st_4jc!19sChIJl7OoOTO0RIYRskVofJdNTzE?authuser=0&hl=en&rclk=1"
"Intero Restaurant","Address: 2612 E Cesar Chavez St Suite 105, Austin, TX 78702, United States ","+15125994052","http://www.interorestaurant.com/","78702, Austin, TX","Austin, TX","","4.7","https://www.google.com/maps/place/Intero+Restaurant/data=!4m7!3m6!1s0x8644b43358ec17af:0x5413a0e75eed15ce!8m2!3d30.2537!4d-97.71443!16s%2Fg%2F11gdkrwxzp!19sChIJrxfsWDO0RIYRzhXtXuegE1Q?authuser=0&hl=en&rclk=1"
"Launderette","Address: 2115 Holly St, Austin, TX 78702, United States ","","https://launderetteaustin.com/","78702, Austin, TX","Austin, TX","","4.6","https://www.google.com/maps/place/Launderette/data=!4m7!3m6!1s0x8644b44b02e40143:0x358a05fe0dd85bfa!8m2!3d30.2518902!4d-97.7227868!16s%2Fg%2F11b62w7tk3!19sChIJQwHkAku0RIYR-lvYDf4FijU?authuser=0&hl=en&rclk=1"
"Space Cowboy","Address: 1917 E 7th St, Austin, TX 78702, United States ","+15125962376","https://spacecowboyatx.squarespace.com/","78702, Austin, TX","Austin, TX","","4.4","https://www.google.com/maps/place/Space+Cowboy/data=!4m7!3m6!1s0x8644b59c9c08604d:0x5288c4d735035e61!8m2!3d30.2621213!4d-97.721464!16s%2Fg%2F11v0ktl7m8!19sChIJTWAInJy1RIYRYV4DNdfEiFI?authuser=0&hl=en&rclk=1"
"Gyu-Kaku Japanese BBQ","Address: 1211 E 5th St. Suite 100, Austin, TX 78702, United States ","+17372090351","https://www.gyu-kaku.com/austin/","78702, Austin, TX","Austin, TX","","4.8","https://www.google.com/maps/place/Gyu-Kaku+Japanese+BBQ/data=!4m7!3m6!1s0x8644b51beefc368b:0x5f99dc6dd4f80804!8m2!3d30.263286!4d-97.7307745!16s%2Fg%2F11k65n7yt6!19sChIJizb87hu1RIYRBAj41G3cmV8?authuser=0&hl=en&rclk=1"
"Upstairs at Caroline","Address: 109 E 7th St, Austin, TX 78701, United States ","+15129826766","https://www.carolinerestaurant.com/upstairs-at-caroline?utm_source=google&utm_medium=organic&utm_campaign=business_listing","78702, Austin, TX","Austin, TX","","4.9","https://www.google.com/maps/place/Upstairs+at+Caroline/data=!4m7!3m6!1s0x8644b509e7e92743:0xb09cf7e6ae581b9!8m2!3d30.2686635!4d-97.7420691!16s%2Fg%2F11fxb7wz06!19sChIJQyfp5wm1RIYRuYHlan7PCQs?authuser=0&hl=en&rclk=1"
"Revelry Kitchen + Bar","Address: 1410 E 6th St, Austin, TX 78702, United States ","+15123225223","http://www.revelryatx.com/","78702, Austin, TX","Austin, TX","","4.4","https://www.google.com/maps/place/Revelry+Kitchen+%2B+Bar/data=!4m7!3m6!1s0x8644b5b0f36f2853:0xa1c24f3eff9db75a!8m2!3d30.2636644!4d-97.7277118!16s%2Fg%2F11cm149lzl!19sChIJUyhv87C1RIYRWred_z5PwqE?authuser=0&hl=en&rclk=1"
"Kinda Tropical","Address: 3501 E 7th St, Austin, TX 78702, United States ","+15123738430","http://www.kindatropical.com/","78702, Austin, TX","Austin, TX","","4.5","https://www.google.com/maps/place/Kinda+Tropical/data=!4m7!3m6!1s0x8644b5d4a3221b15:0x594c6bcbae4d243c!8m2!3d30.2565353!4d-97.7030462!16s%2Fg%2F11g71jg5xs!19sChIJFRsio9S1RIYRPCRNrstrTFk?authuser=0&hl=en&rclk=1"
"Licha's Cantina","Address: 1306 E 6th St, Austin, TX 78702, United States ","+15124805960","https://www.lichascantina.com/","78702, Austin, TX","Austin, TX","","4.5","https://www.google.com/maps/place/Licha%27s+Cantina/data=!4m7!3m6!1s0x8644b5b068a229eb:0xc95976badb765e0!8m2!3d30.264119!4d-97.7288452!16s%2Fg%2F1pwfx8_lr!19sChIJ6ymiaLC1RIYR4GW3rWuXlQw?authuser=0&hl=en&rclk=1"
"Juniper","Address: 2400 E Cesar Chavez St UNIT 304, Austin, TX 78702, United States ","+15122209421","https://www.juniperaustin.com/","78702, Austin, TX","Austin, TX","","4.4","https://www.google.com/maps/place/Juniper/data=!4m7!3m6!1s0x8644b5cad10b3fd1:0x2872145c4e282b4c!8m2!3d30.2547104!4d-97.7172759!16s%2Fg%2F11b7qxpk3s!19sChIJ0T8L0cq1RIYRTCsoTlwUcig?authuser=0&hl=en&rclk=1"
"Jacoby's Restaurant & Mercantile","Address: 3235 E Cesar Chavez St, Austin, TX 78702, United States ","+15123665808","http://www.jacobysaustin.com/","78702, Austin, TX","Austin, TX","","4.3","https://www.google.com/maps/place/Jacoby%27s+Restaurant+%26+Mercantile/data=!4m7!3m6!1s0x8644b42dbb4ffaa9:0xea56de50118f99e5!8m2!3d30.251508!4d-97.7073364!16s%2Fg%2F11b5yt1z9y!19sChIJqfpPuy20RIYR5ZmPEVDeVuo?authuser=0&hl=en&rclk=1"
"Emmer & Rye","Address: SkyHouse, 51 Rainey St UNIT 110, Austin, TX 78701, United States ","+15123665530","http://www.emmerandrye.com/","78702, Austin, TX","Austin, TX","","4.4","https://www.google.com/maps/place/Emmer+%26+Rye/data=!4m7!3m6!1s0x8644b5aa4ba7633d:0xfb14f97a7bd4e90c!8m2!3d30.2574194!4d-97.7390667!16s%2Fg%2F11bw61kjkh!19sChIJPWOnS6q1RIYRDOnUe3r5FPs?authuser=0&hl=en&rclk=1"
"Ezov","Address: 2708 E Cesar Chavez St, Austin, TX 78702, United States ","+15123051118","https://ezovatx.com/","78702, Austin, TX","Austin, TX","","4.4","https://www.google.com/maps/place/Ezov/data=!4m7!3m6!1s0x8644b523727e4757:0x276e524ecb55dac!8m2!3d30.2534469!4d-97.7135183!16s%2Fg%2F11srycbj7j!19sChIJV0d-ciO1RIYRrF217CTldgI?authuser=0&hl=en&rclk=1"
"ENSENADA ATX","Address: 1108 E 12th St, Austin, TX 78702, United States ","+15126664396","https://ensenadaatx.com/","78702, Austin, TX","Austin, TX","","4.8","https://www.google.com/maps/place/ENSENADA+ATX/data=!4m7!3m6!1s0x8644b50321a69ba1:0x4e615bb752bfbf3d!8m2!3d30.2727098!4d-97.7286195!16s%2Fg%2F11t2ydwslc!19sChIJoZumIQO1RIYRPb-_UrdbYU4?authuser=0&hl=en&rclk=1"
"Il Brutto","Address: 1601 E 6th St, Austin, TX 78702, United States ","+15128866418","https://www.ilbruttoaustin.com/","78702, Austin, TX","Austin, TX","","4.4","https://www.google.com/maps/place/Il+Brutto/data=!4m7!3m6!1s0x8644b5b6d3479079:0x3077ddd3455ac93b!8m2!3d30.2628502!4d-97.7263546!16s%2Fg%2F11f4rdx8p6!19sChIJeZBH07a1RIYRO8laRdPddzA?authuser=0&hl=en&rclk=1"
"Hillside Farmacy","Address: 1209 E 11th St, Austin, TX 78702, United States ","+15126280168","http://hillsidefarmacy.com/","78702, Austin, TX","Austin, TX","","4.3","https://www.google.com/maps/place/Hillside+Farmacy/data=!4m7!3m6!1s0x8644b5bbb4d5ddb1:0x929c54342b275740!8m2!3d30.2682422!4d-97.7269081!16s%2Fg%2F1hc8xsnjl!19sChIJsd3VtLu1RIYRQFcnKzRUnJI?authuser=0&hl=en&rclk=1"
"Sawyer & Co","Address: 4827 E Cesar Chavez St, Austin, TX 78702, United States ","+15125319033","https://www.sawyerand.co/","78702, Austin, TX","Austin, TX","","4.4","https://www.google.com/maps/place/Sawyer+%26+Co/data=!4m7!3m6!1s0x8644b42bb977400f:0x6923d9e4e0c7228f!8m2!3d30.2513819!4d-97.7018004!16s%2Fg%2F11b62zv189!19sChIJD0B3uSu0RIYRjyLH4OTZI2k?authuser=0&hl=en&rclk=1"
"Paperboy East","Address: 1203 E 11th St, Austin, TX 78702, United States ","+15122709980","https://www.paperboyaustin.com/east-11th","78702, Austin, TX","Austin, TX","","4.6","https://www.google.com/maps/place/Paperboy+East/data=!4m7!3m6!1s0x8644b5bbac528de1:0x89bc4e236dd6910d!8m2!3d30.2684041!4d-97.7276077!16s%2Fg%2F11bwqfpnqh!19sChIJ4Y1SrLu1RIYRDZHWbSNOvIk?authuser=0&hl=en&rclk=1"
"Casa Colombia","Address: 2409 E 7th St, Austin, TX 78702, United States ","+15124959425","http://www.casa-colombia.com/","78702, Austin, TX","Austin, TX","","4.3","https://www.google.com/maps/place/Casa+Colombia/data=!4m7!3m6!1s0x8644b5b7371431af:0xba4565524a3fe999!8m2!3d30.2607916!4d-97.7147019!16s%2Fg%2F11bc7sv2n5!19sChIJrzEUN7e1RIYRmek_SlJlRbo?authuser=0&hl=en&rclk=1"
"Pasta|Bar Austin","Address: 1017 E 6th St, Austin, TX 78702, United States ","+15123608207","https://www.exploretock.com/pastabaraustin","78702, Austin, TX","Austin, TX","","4.7","https://www.google.com/maps/place/Pasta%7CBar+Austin/data=!4m7!3m6!1s0x8644b57133f0c355:0x204c7a394d78baf!8m2!3d30.264681!4d-97.7318551!16s%2Fg%2F11rqtm45rx!19sChIJVcPwM3G1RIYRr4vXlKPHBAI?authuser=0&hl=en&rclk=1"
"Ramen Tatsu-Ya","Address: 1600 E 6th St, Austin, TX 78702, United States ","+17373400990","http://ramen-tatsuya.com/","78702, Austin, TX","Austin, TX","","4.5","https://www.google.com/maps/place/Ramen+Tatsu-Ya/data=!4m7!3m6!1s0x8644b5ef403d990b:0x545013c66117d688!8m2!3d30.2631771!4d-97.7262734!16s%2Fg%2F11f66f9hmd!19sChIJC5k9QO-1RIYRiNYXYcYTUFQ?authuser=0&hl=en&rclk=1"
"Cenote","Address: 1405 E 7th St, Austin, TX 78702, United States ","+17374151099","https://cenoteaustin.com/","78702, Austin, TX","Austin, TX","","4.5","https://www.google.com/maps/place/Cenote/data=!4m7!3m6!1s0x8644b5ae8ae798db:0xfd467ef6a529c728!8m2!3d30.2642558!4d-97.7277251!16s%2Fg%2F1hc32my9m!19sChIJ25jniq61RIYRKMcppfZ-Rv0?authuser=0&hl=en&rclk=1"
"Discada","Address: 1700 E Cesar Chavez St, Austin, TX 78702, United States ","","http://www.discadatx.com/","78702, Austin, TX","Austin, TX","","4.8","https://www.google.com/maps/place/Discada/data=!4m7!3m6!1s0x8644b5b977666b45:0xf8d706b4fef6ce46!8m2!3d30.2579565!4d-97.7262981!16s%2Fg%2F11hbsqnd7j!19sChIJRWtmd7m1RIYRRs72_rQG1_g?authuser=0&hl=en&rclk=1"
"Gabrielas Downtown","Address: 900 E 7th St, Austin, TX 78702, United States ","+15128401569","https://gabrielasdowntown.shop/","78702, Austin, TX","Austin, TX","","4.1","https://www.google.com/maps/place/Gabrielas+Downtown/data=!4m7!3m6!1s0x8644b5a50ce6aaab:0x71ac940a2ad9214e!8m2!3d30.2665531!4d-97.7330474!16s%2Fg%2F11gfnf4zkc!19sChIJq6rmDKW1RIYRTiHZKgqUrHE?authuser=0&hl=en&rclk=1"
"JewBoy Sliders","Address: 1111 E 6th St, Austin, TX 78702, United States ","","http://www.jewboysliders.com/","78702, Austin, TX","Austin, TX","","4.7","https://www.google.com/maps/place/JewBoy+Sliders/data=!4m7!3m6!1s0x8644b5e254c3e2c7:0xb7037bb08007bb11!8m2!3d30.2644032!4d-97.7308248!16s%2Fg%2F11tcmpqzdd!19sChIJx-LDVOK1RIYREbsHgLB7A7c?authuser=0&hl=en&rclk=1"
"Corner Restaurant","Address: 110 E 2nd St, Austin, TX 78701, United States ","+15126084488","https://www.cornerrestaurantaustin.com/?utm_source=google&utm_medium=organic&utm_campaign=business_listing","78703, Austin, TX","Austin, TX","","4.8","https://www.google.com/maps/place/Corner+Restaurant/data=!4m7!3m6!1s0x8644b508789cc0c5:0x270f96c74f970af4!8m2!3d30.2645703!4d-97.7438317!16s%2Fg%2F11b76mjh5x!19sChIJxcCceAi1RIYR9AqXT8eWDyc?authuser=0&hl=en&rclk=1"
"Ember Kitchen","Address: 800 W Cesar Chavez St Ste PP110, Austin, TX 78701, United States ","+15122916846","https://www.emberatx.com/","78703, Austin, TX","Austin, TX","","4.8","https://www.google.com/maps/place/Ember+Kitchen/data=!4m7!3m6!1s0x8644b5723cde91d1:0x14bf1e14920af2da!8m2!3d30.266876!4d-97.7528456!16s%2Fg%2F11jt5g77r4!19sChIJ0ZHePHK1RIYR2vIKkhQevxQ?authuser=0&hl=en&rclk=1"
"Quince Lakehouse","Address: 3825 Lake Austin Blvd #201, Austin, TX 78703, United States ","+15123349426","https://quincesma.com/","78703, Austin, TX","Austin, TX","","4.5","https://www.google.com/maps/place/Quince+Lakehouse/data=!4m7!3m6!1s0x8644b5bd9cff0c7d:0xffe88b00442137d2!8m2!3d30.2952529!4d-97.7842024!16s%2Fg%2F11vdtxsp56!19sChIJfQz_nL21RIYR0jchRACL6P8?authuser=0&hl=en&rclk=1"
"Jeffrey's","Address: 1204 W Lynn St, Austin, TX 78703, United States ","+15124775584","","78703, Austin, TX","Austin, TX","","4.7","https://www.google.com/maps/place/Jeffrey%27s/data=!4m7!3m6!1s0x8644b56be11eae9f:0xd98c79a2864cd718!8m2!3d30.2804227!4d-97.7590952!16s%2Fm%2F020y__p!19sChIJn64e4Wu1RIYRGNdMhqJ5jNk?authuser=0&hl=en&rclk=1"
"Acre 41","Address: 1901 San Antonio St, Austin, TX 78705, United States ","+17372439020","https://www.acre41austin.com/?utm_source=google&utm_medium=organic&utm_campaign=business_listing","78703, Austin, TX","Austin, TX","","4.8","https://www.google.com/maps/place/Acre+41/data=!4m7!3m6!1s0x8644b5a5b6abeddd:0x38803822ae003c65!8m2!3d30.2824093!4d-97.742873!16s%2Fg%2F11j44cctll!19sChIJ3e2rtqW1RIYRZTwAriI4gDg?authuser=0&hl=en&rclk=1"
"Red Ash","Address: Colorado Tower, 303 Colorado St #200, Austin, TX 78701, United States ","+15123792906","http://redashgrill.com/","78703, Austin, TX","Austin, TX","","4.7","https://www.google.com/maps/place/Red+Ash/data=!4m7!3m6!1s0x8644b5088b41fa59:0xada04b221220ebe!8m2!3d30.2657022!4d-97.7449409!16s%2Fg%2F11cs5wlpxh!19sChIJWfpBiwi1RIYRvg4iIbIE2go?authuser=0&hl=en&rclk=1"
"Hula Hut","Address: 3825 Lake Austin Blvd, Austin, TX 78703, United States ","+15124764852","http://www.hulahut.com/locations/austin","78703, Austin, TX","Austin, TX","","4.2","https://www.google.com/maps/place/Hula+Hut/data=!4m7!3m6!1s0x8644b554921f0573:0xf8bbc0d6c4d33ab0!8m2!3d30.2946928!4d-97.7844186!16s%2Fm%2F020yzrc!19sChIJcwUfklS1RIYRsDrTxNbAu_g?authuser=0&hl=en&rclk=1"
"Bar Peached","Address: 1315 W 6th St, Austin, TX 78703, United States ","+15129920666","http://www.barpeached.com/","78703, Austin, TX","Austin, TX","","4.6","https://www.google.com/maps/place/Bar+Peached/data=!4m7!3m6!1s0x8644b50d3b659089:0x78b892428b608fdb!8m2!3d30.2735372!4d-97.7600431!16s%2Fg%2F11fhz6vpdf!19sChIJiZBlOw21RIYR249gi0KSuHg?authuser=0&hl=en&rclk=1"
"Roaring Fork","Address: 701 Congress Ave., Austin, TX 78701, United States ","+15125830000","http://www.roaringfork.com/","78703, Austin, TX","Austin, TX","","4.5","https://www.google.com/maps/place/Roaring+Fork/data=!4m7!3m6!1s0x8644b509e15979d5:0xce6e982ebf5ebae2!8m2!3d30.2691083!4d-97.7421111!16s%2Fg%2F1td5m2fy!19sChIJ1XlZ4Qm1RIYR4rpevy6Ybs4?authuser=0&hl=en&rclk=1"
"Uchiko Austin","Address: 4200 N Lamar Blvd, Austin, TX 78756, United States ","+15129164808","https://uchiko.uchirestaurants.com/location/austin/","78703, Austin, TX","Austin, TX","","4.7","https://www.google.com/maps/place/Uchiko+Austin/data=!4m7!3m6!1s0x8644ca62cb940f5d:0x3d0641b88c526edd!8m2!3d30.3107759!4d-97.7399843!16s%2Fm%2F0k0bk1d!19sChIJXQ-Uy2LKRIYR3W5SjLhBBj0?authuser=0&hl=en&rclk=1"
"Eureka!","Address: 200 E 6th St, Austin, TX 78701, United States ","+15127351144","http://eurekarestaurantgroup.com/blog/locations/austin/","78703, Austin, TX","Austin, TX","","4.4","https://www.google.com/maps/place/Eureka!/data=!4m7!3m6!1s0x8644b5a77a69d217:0x5767e994aa3248a8!8m2!3d30.2678427!4d-97.7412401!16s%2Fg%2F11btww44m0!19sChIJF9Jpeqe1RIYRqEgyqpTpZ1c?authuser=0&hl=en&rclk=1"
"Clark's Oyster Bar - Austin","Address: 1200 W 6th St, Austin, TX 78703, United States ","+15122972525","https://www.clarksoysterbar.com/locations/austin","78703, Austin, TX","Austin, TX","","4.5","https://www.google.com/maps/place/Clark%27s+Oyster+Bar+-+Austin/data=!4m7!3m6!1s0x8644b51363afea6d:0x6bd3eb27734436e7!8m2!3d30.2729938!4d-97.7571715!16s%2Fg%2F11y0l912y!19sChIJbeqvYxO1RIYR5zZEcyfr02s?authuser=0&hl=en&rclk=1"
"Sammie's","Address: 807 W 6th St, Austin, TX 78703, United States ","+15124742054","http://sammiesitalian.com/","78703, Austin, TX","Austin, TX","","4.4","https://www.google.com/maps/place/Sammie%27s/data=!4m7!3m6!1s0x8644b51740a965fd:0xa39260bb27d9f01a!8m2!3d30.2702151!4d-97.751157!16s%2Fg%2F11r8yczjz3!19sChIJ_WWpQBe1RIYRGvDZJ7tgkqM?authuser=0&hl=en&rclk=1"
"68 Degrees Kitchen","Address: 2401 Lake Austin Blvd, Austin, TX 78703, United States ","+15127666868","http://68degrees.com/","78703, Austin, TX","Austin, TX","","4.3","https://www.google.com/maps/place/68+Degrees+Kitchen/data=!4m7!3m6!1s0x8644b546388ce0cf:0x421622b33df9d4aa!8m2!3d30.2778844!4d-97.7729907!16s%2Fg%2F11cnz3ct_5!19sChIJz-CMOEa1RIYRqtT5PbMiFkI?authuser=0&hl=en&rclk=1"
"Gus’s World Famous Fried Chicken","Address: 117 San Jacinto Blvd, Austin, TX 78701, United States ","+15124744877","http://gusfriedchicken.com/austin-texas-location/","78703, Austin, TX","Austin, TX","","4.5","https://www.google.com/maps/place/Gus%E2%80%99s+World+Famous+Fried+Chicken/data=!4m7!3m6!1s0x8644b507f6169dcf:0xbb2119712a363bff!8m2!3d30.2634799!4d-97.741745!16s%2Fg%2F12hmlz7hl!19sChIJz50W9ge1RIYR_zs2KnEZIbs?authuser=0&hl=en&rclk=1"
"24 Diner","Address: 600 N Lamar Blvd, Austin, TX 78703, United States ","+15124725400","http://www.24diner.com/","78703, Austin, TX","Austin, TX","","4.3","https://www.google.com/maps/place/24+Diner/data=!4m7!3m6!1s0x8644b5125c05239b:0xbac8765cb819d389!8m2!3d30.271964!4d-97.75426!16s%2Fg%2F1v_s685_!19sChIJmyMFXBK1RIYRidMZuFx2yLo?authuser=0&hl=en&rclk=1"
"Chuy's","Address: 1728 Barton Springs Rd, Austin, TX 78704, United States ","+15124744452","https://www.chuys.com/locations/tx/austin/austin-tx-barton-springs/6001?cmpid=br:chy_ag:ie_ch:loc_ca:CHYGMB_sn:gmb_gt:austin-tx-6001_pl:locurl_rd:1001","78703, Austin, TX","Austin, TX","","4.4","https://www.google.com/maps/place/Chuy%27s/data=!4m7!3m6!1s0x8644b53d57dc8069:0x900aab2522341b9a!8m2!3d30.2638741!4d-97.7632745!16s%2Fm%2F04dmqxb!19sChIJaYDcVz21RIYRmhs0IiWrCpA?authuser=0&hl=en&rclk=1"
"Phoebe's Downtown","Address: 408 W 11th St, Austin, TX 78701, United States ","+15123598338","https://www.phoebesdiner.com/","78703, Austin, TX","Austin, TX","","4.7","https://www.google.com/maps/place/Phoebe%27s+Downtown/data=!4m7!3m6!1s0x8644b509f2e104af:0xd75b5b57ab771900!8m2!3d30.2740975!4d-97.7449381!16s%2Fg%2F11np3q1qct!19sChIJrwTh8gm1RIYRABl3q1dbW9c?authuser=0&hl=en&rclk=1"
"Nido","Address: Rooftop, 1211 W Riverside Dr, Austin, TX 78704, United States ","+15125801183","https://www.thelorenhotels.com/cuisine/restaurant#nido","78703, Austin, TX","Austin, TX","","4.5","https://www.google.com/maps/place/Nido/data=!4m7!3m6!1s0x8644b56fbc6871cb:0x2d7cc03f74ed004b!8m2!3d30.2640838!4d-97.7567367!16s%2Fg%2F11sbmtp10l!19sChIJy3FovG-1RIYRSwDtdD_AfC0?authuser=0&hl=en&rclk=1"
"Meat & Bread","Address: 360 Nueces St STE 20, Austin, TX 78701, United States ","+15123304736","http://meatandbread.com/","78703, Austin, TX","Austin, TX","","4.8","https://www.google.com/maps/place/Meat+%26+Bread/data=!4m7!3m6!1s0x8644b5823b7ab0e5:0x78f1556daf78f7c4!8m2!3d30.2670728!4d-97.7498084!16s%2Fg%2F11p15kls1s!19sChIJ5bB6O4K1RIYRxPd4r21V8Xg?authuser=0&hl=en&rclk=1"